Official Full Name,"Official Symbol
","Disease Identifier
","Disease Name
"
actin gamma 1,ACTG1,ORPHA:2995,Baraitser-Winter cerebrofrontofacial syndrome
actin gamma 1,ACTG1,OMIM:614583,Baraitser-Winter syndrome 2
actin gamma 1,ACTG1,OMIM:604717,"Deafness, autosomal dominant 20"
actin like 6B,ACTL6B,OMIM:618470,Intellectual developmental disorder with severe speech and ambulation defects
actin like 6B,ACTL6B,ORPHA:442835,Non-specific early-onset epileptic encephalopathy
actin like 6B,ACTL6B,OMIM:618468,"Epileptic encephalopathy, early infantile, 76"
activator of transcription and developmental regulator AUTS2,AUTS2,ORPHA:352490,Autism spectrum disorder due to AUTS2 deficiency
activator of transcription and developmental regulator AUTS2,AUTS2,OMIM:615834,"Intellectual developmental disorder, autosomal dominant 26"
adenosine deaminase RNA specific B1,ADARB1,OMIM:618862,"Neurodevelopmental disorder with hypotonia, microcephaly, and seizures"
adhesion G protein-coupled receptor V1,ADGRV1,OMIM:604352,"Febrile seizures, familial, 4"
adhesion G protein-coupled receptor V1,ADGRV1,OMIM:605472,"Usher syndrome, type IIC"
adhesion G protein-coupled receptor V1,ADGRV1,ORPHA:231178,Usher syndrome type 2
adhesion G protein-coupled receptor V1,ADGRV1,ORPHA:36387,Genetic epilepsy with febrile seizure plus
ALG13 UDP-N-acetylglucosaminyltransferase subunit,ALG13,OMIM:300884,"Epileptic encephalopathy, early infantile, 36"
ALG13 UDP-N-acetylglucosaminyltransferase subunit,ALG13,ORPHA:324422,ALG13-congenital disorder of glycosylation (ALG13-CDG)
alpha glucosidase,GAA,ORPHA:308552,"Glycogen storage disease due to acid maltase deficiency, infantile onset"
alpha glucosidase,GAA,OMIM:232300,Glycogen storage disease II
ankyrin repeat domain 17,ANKRD17,OMIM:619504,Chopra-Amiel-Gordon syndrome
ankyrin repeat domain containing 11,ANKRD11,ORPHA:261250,16q24.3 microdeletion syndrome
ankyrin repeat domain containing 11,ANKRD11,OMIM: 148050,KBG syndrome
ankyrin repeat domain containing 11,ANKRD11,ORPHA:2332,KBG syndrome
anti-Mullerian hormone,AMH,OMIM:261550,"Persistent mullerian duct syndrome, types I and II"
anti-Mullerian hormone,AMH,ORPHA:2856,Persistent Müllerian duct syndrome
anti-Mullerian hormone receptor type 2,AMHR2,OMIM:261550,"Persistent mullerian duct syndrome, types I and II"
anti-Mullerian hormone receptor type 2,AMHR2,ORPHA:2856,Persistent Müllerian duct syndrome
ASH1 like histone lysine methyltransferase,ASH1L,OMIM:617796,"Intellectual developmental disorder, autosomal dominant 52"
ASXL transcriptional regulator 2,ASXL2,OMIM:617190,Shashi-Pena syndrome
ASXL transcriptional regulator 3,ASXL3,ORPHA:352577,Bainbridge-Ropers syndrome
ASXL transcriptional regulator 3,ASXL3,OMIM:615485,Bainbridge-Ropers syndrome
AT-rich interaction domain 1B,ARID1B,OMIM: 135900,Coffin-Siris syndrome 1
AT-rich interaction domain 1B,ARID1B,ORPHA:1465,Coffin-Siris syndrome
AT-rich interaction domain 1B,ARID1B,ORPHA:251056,6q25.2q25.3 microdeletion syndrome
ATPase H+ transporting V1 subunit B1,ATP6V1B1,OMIM:267300,"Renal tubular acidosis, distal, with progressive nerve deafness"
BCL2 apoptosis regulator,BCL2,ORPHA:545,Follicular lymphoma
BCL6 corepressor like 1,BCORL1,OMIM:301029,Shukla-Vernon syndrome
bone morphogenetic protein 15,BMP15,ORPHA:243,"46,XX gonadal dysgenesis"
bone morphogenetic protein 15,BMP15,OMIM:300510,Ovarian dysgenesis 2
bone morphogenetic protein receptor type 2,BMPR2,OMIM:178600,"Pulmonary hypertension, primary, 1"
bone morphogenetic protein receptor type 2,BMPR2,OMIM:265450,Pulmonary venoocclusive disease 1
BRCA1 interacting DNA helicase 1,BRIP1,ORPHA:84,Fanconi anemia
BRCA1 interacting DNA helicase 1,BRIP1,OMIM:114480,Breast cancer
BRCA1 interacting DNA helicase 1,BRIP1,ORPHA:145,Hereditary breast and/or ovarian cancer syndrome
BRCA1 interacting DNA helicase 1,BRIP1,OMIM:609054,"Fanconi anemia, complementation group J"
BRCA2 DNA repair associated,BRCA2,OMIM:114480,Breast cancer
BRCA2 DNA repair associated,BRCA2,OMIM:612555,"Breast-Ovarian cancer, familial, susceptibility to, 2"
BRCA2 DNA repair associated,BRCA2,ORPHA:70567,Cholangiocarcinoma
BRCA2 DNA repair associated,BRCA2,ORPHA:440437,Familial colorectal cancer Type X
BRCA2 DNA repair associated,BRCA2,ORPHA:1333,Familial pancreatic carcinoma
BRCA2 DNA repair associated,BRCA2,ORPHA:84,Fanconi anemia
BRCA2 DNA repair associated,BRCA2,OMIM:605724,"Fanconi anemia, complementation group D1"
BRCA2 DNA repair associated,BRCA2,OMIM:613029,Glioma susceptibility 3
BRCA2 DNA repair associated,BRCA2,ORPHA:145,Hereditary breast and/or ovarian cancer syndrome
BRCA2 DNA repair associated,BRCA2,OMIM:155255,MEDULLOBLASTOMA
BRCA2 DNA repair associated,BRCA2,ORPHA:654,Nephroblastoma
BRCA2 DNA repair associated,BRCA2,OMIM:613347,"Pancreatic cancer, susceptibility to, 2"
BRCA2 DNA repair associated,BRCA2,OMIM:176807,Prostate cancer
BRCA2 DNA repair associated,BRCA2,OMIM:194070,Wilms tumor 1
bromodomain containing 4,BRD4,ORPHA:199,Cornelia de Lange syndrome
bromodomain containing 4,BRD4,ORPHA:443167,NUT midline carcinoma
bromodomain containing 4,BRD4,OMIM:620568,Cornelia de Lange syndrome 6
bromodomain PHD finger transcription factor,BPTF,OMIM:617755,Neurodevelopmental disorder with dysmorphic facies and distal limb anomalies
bromodomain PHD finger transcription factor,BPTF,ORPHA:529962,17q24.2 microdeletion syndrome
bromodomain PHD finger transcription factor,BPTF,OMIM: 148000,"Kaposi sarcoma, susceptibility to"
cadherin related 23,CDH23,ORPHA:96253,Cushing disease
cadherin related 23,CDH23,OMIM:601386,"Deafness, autosomal recessive 12"
cadherin related 23,CDH23,OMIM:617540,"Pituitary adenoma 5, multiple types"
cadherin related 23,CDH23,ORPHA:2965,Prolactinoma
cadherin related 23,CDH23,ORPHA:91347,TSH-secreting pituitary adenoma
cadherin related 23,CDH23,ORPHA:231169,Usher syndrome type 1
cadherin related 23,CDH23,OMIM:601067,"Usher syndrome, type ID"
calcium and integrin binding family member 2,CIB2,ORPHA:231169,Usher syndrome type 1
calcium and integrin binding family member 2,CIB2,OMIM:609439,"Deafness, autosomal recessive 48"
CARD and death domain containing adaptor protein,CRADD,OMIM:614499,"Intellectual developmental disorder, autosomal recessive 34, with variant lissencephaly"
casein kinase 2 alpha 1,CSNK2A1,OMIM:617062,Okur-Chung neurodevelopmental syndrome
cathepsin C,CTSC,ORPHA:678,Papillon-Lefèvre syndrome
cathepsin C,CTSC,OMIM:170650,"Periodontitis, aggressive, 1"
cathepsin C,CTSC,OMIM:245000,Papillon-Lefevre syndrome
cathepsin C,CTSC,OMIM:245010,Haim-Munk syndrome
cathepsin C,CTSC,ORPHA:2342,Haim-Munk syndrome
CCCTC-binding factor,CTCF,OMIM:615502,"Intellectual developmental disorder, autosomal dominant 21"
CCCTC-binding factor,CTCF,ORPHA:363611,CTCF-related neurodevelopmental disorder
CDKN1A interacting zinc finger protein 1,CIZ1,ORPHA:420492,"Adult-onset cervical dystonia, DYT23 type"
"CEA cell adhesion molecule 16, tectorial membrane component",CEACAM16,OMIM:614614,"Deafness, autosomal dominant 4B"
"CEA cell adhesion molecule 16, tectorial membrane component",CEACAM16,OMIM:618410,"Deafness, autosomal recessive 113"
cell division cycle 14A,CDC14A,OMIM:608653,"Deafness, autosomal recessive 32, with or without immotile sperm"
checkpoint kinase 2,CHEK2,ORPHA:668,Osteosarcoma
checkpoint kinase 2,CHEK2,OMIM:259500,Osteosarcoma
checkpoint kinase 2,CHEK2,OMIM: 176807,Prostate cancer
checkpoint kinase 2,CHEK2,OMIM:609265,Li-Fraumeni syndrome 2
checkpoint kinase 2,CHEK2,ORPHA: 145,Hereditary breast and/or ovarian cancer syndrome
checkpoint kinase 2,CHEK2,ORPHA:440437,Familial colorectal cancer Type X
chloride voltage-gated channel 4,CLCN4,ORPHA:485350,CLCN4-related X-linked intellectual disability syndrome
chloride voltage-gated channel 4,CLCN4,OMIM:300114,"Raynaud-Claes syndrome
"
chromodomain helicase DNA binding protein 4,CHD4,OMIM:617159,Sifrim-Hitz-Weiss syndrome
chromodomain helicase DNA binding protein 8,CHD8,OMIM:615032,Intellectual developmental disorder with autism and macrocephaly
chromodomain helicase DNA binding protein 8,CHD8,ORPHA:261229,14q11.2 microduplication syndrome
clarin 1,CLRN1,ORPHA:791,Retinitis pigmentosa
clarin 1,CLRN1,OMIM:268000,Retinitis pigmentosa
clarin 1,CLRN1,OMIM:614180,Retinitis pigmentosa 61
clarin 1,CLRN1,ORPHA:231183,Usher syndrome type 3
clarin 1,CLRN1,OMIM:276902,"Usher syndrome, type IIIA"
claudin 16,CLDN16,OMIM:248250,"Hypomagnesemia 3, renal"
claudin 19,CLDN19,OMIM:248190,"Hypomagnesemia 5, renal, with or without ocular involvement"
claudin 19,CLDN19,ORPHA:2196,Primary hypomagnesemia with hypercalciuria and nephrocalcinosis with severe ocular involvement
cochlin,COCH,OMIM:601369,"Deafness, autosomal dominant 9"
cochlin,COCH,OMIM:618094,"Deafness, autosomal recessive 110"
coiled-coil domain containing 32,CCDC32,OMIM:619123,"Cardiofacioneurodevelopmental syndrome
"
collagen type IV alpha 5 chain,COL4A5,OMIM:301050,"Alport syndrome, X-linked"
collagen type IV alpha 5 chain,COL4A5,ORPHA:1018,X-linked Alport syndrome-diffuse leiomyomatosis
collagen type XI alpha 2 chain,COL11A2,ORPHA:166100,Autosomal dominant otospondylomegaepiphyseal dysplasia
collagen type XI alpha 2 chain,COL11A2,ORPHA:1427,Autosomal recessive otospondylomegaepiphyseal dysplasia
collagen type XI alpha 2 chain,COL11A2,OMIM:601868,"Deafness, autosomal dominant nonsyndromic sensorineural 13"
collagen type XI alpha 2 chain,COL11A2,OMIM:609706,"Deafness, autosomal recessive 53"
collagen type XI alpha 2 chain,COL11A2,ORPHA:2021,Fibrochondrogenesis
collagen type XI alpha 2 chain,COL11A2,OMIM:614524,Fibrochondrogenesis 2
collagen type XI alpha 2 chain,COL11A2,OMIM:215150,Otospondylomegaepiphyseal dysplasia
collagen type XI alpha 2 chain,COL11A2,OMIM:184840,"Stickler syndrome, type III"
CREB binding lysine acetyltransferase,CREBBP,ORPHA:592574,Menke-Hennekam syndrome
CREB binding lysine acetyltransferase,CREBBP,OMIM:618332,Menke-Hennekam syndrome 1
CREB binding lysine acetyltransferase,CREBBP,OMIM:180849,Rubinstein-Taybi syndrome 1
CREB binding lysine acetyltransferase,CREBBP,ORPHA:353281,Rubinstein-Taybi syndrome due to 16p13.3 microdeletion
CREB binding lysine acetyltransferase,CREBBP,ORPHA:353277,Rubinstein-Taybi syndrome due to CREBBP mutations
cyclin dependent kinase 13,CDK13,OMIM:617360,"Congenital heart defects, dysmorphic facial features, and intellectual developmental disorder"
damage specific DNA binding protein 1,DDB1,OMIM:619426,White-Kernohan syndrome
DEAD-box helicase 3 X-linked,DDX3X,OMIM:300958,"Intellectual developmental disorder, X-linked, syndrome, snijders Blok type"
DEAD-box helicase 3 X-linked,DDX3X,ORPHA:457260,X-linked intellectual disability-hypotonia-movement disorder syndrome
DEAD-box helicase 3 X-linked,DDX3X,ORPHA:3338,Toriello-Carey syndrome
DEAD-box helicase 6,DDX6,OMIM:618653,Intellectual developmental disorder with impaired language and dysmorphic facies
dedicator of cytokinesis 3,DOCK3,OMIM:618292,"Neurodevelopmental disorder with impaired intellectual development, hypotonia, and ataxia"
dedicator of cytokinesis 8,DOCK8,OMIM:243700,"Hyper-IgE syndrome 2, autosomal recessive, with recurrent infections"
dedicator of cytokinesis 8,DOCK8,ORPHA:217390,Combined immunodeficiency due to DOCK8 deficiency
diaphanous related formin 1,DIAPH1,ORPHA:494444,DIAPH1-related sensorineural hearing loss-thrombocytopenia syndrome
diaphanous related formin 1,DIAPH1,OMIM:124900,"Deafness, autosomal dominant 1"
diaphanous related formin 1,DIAPH1,ORPHA:2573,Moyamoya disease
diaphanous related formin 1,DIAPH1,ORPHA:477814,Progressive microcephaly-seizures-cortical blindness-developmental delay syndrome
diaphanous related formin 1,DIAPH1,OMIM:616632,"Seizures, cortical blindness, and microcephaly syndrome"
dihydropyrimidinase like 5,DPYSL5,ORPHA:7,3C syndrome
dihydropyrimidinase like 5,DPYSL5,OMIM:619435,Ritscher-Schinzel syndrome 4
DNA methyltransferase 3 alpha,DNMT3A,OMIM:618724,Heyn-Sproul-Jackson syndrome
DNA methyltransferase 3 alpha,DNMT3A,OMIM:601626,"Leukemia, acute myeloid"
DNA methyltransferase 3 alpha,DNMT3A,ORPHA:276621,Sporadic pheochromocytoma/secreting paraganglioma
DNA methyltransferase 3 alpha,DNMT3A,ORPHA:404443,Tatton-Brown-Rahman syndrome
DNA methyltransferase 3 alpha,DNMT3A,OMIM:615879,Tatton-Brown-Rahman syndrome
DnaJ heat shock protein family (Hsp40) member C30,DNAJC30,OMIM:619382,"Leber hereditary optic neuropathy, autosomal recessive"
DnaJ heat shock protein family (Hsp40) member C30,DNAJC30,ORPHA: 104,Leber hereditary optic neuropathy
DnaJ heat shock protein family (Hsp40) member C30,DNAJC30,ORPHA:904,Williams syndrome
endothelin receptor type B,EDNRB,OMIM:600501,ABCD syndrome
endothelin receptor type B,EDNRB,ORPHA:388,Hirschsprung disease
endothelin receptor type B,EDNRB,OMIM:600155,"Hirschsprung disease, susceptibility to, 2"
endothelin receptor type B,EDNRB,ORPHA:895,Waardenburg syndrome type 2
endothelin receptor type B,EDNRB,ORPHA:897,Waardenburg-Shah syndrome
endothelin receptor type B,EDNRB,OMIM:277580,Waardenburg-Shah syndrome
EP300 lysine acetyltransferase,EP300,OMIM:114500,Colorectal cancer
EP300 lysine acetyltransferase,EP300,OMIM:618333,Menke-Hennekam syndrome 2
EP300 lysine acetyltransferase,EP300,OMIM:180849,Rubinstein-Taybi syndrome 1
EP300 lysine acetyltransferase,EP300,OMIM:613684,Rubinstein-Taybi syndrome 2
EP300 lysine acetyltransferase,EP300,ORPHA:353284,Rubinstein-Taybi syndrome due to EP300 haploinsufficiency
"ERCC excision repair 6, chromatin remodeling factor",ERCC6,ORPHA:1466,COFS syndrome
"ERCC excision repair 6, chromatin remodeling factor",ERCC6,OMIM:214150,Cerebrooculofacioskeletal syndrome 1
"ERCC excision repair 6, chromatin remodeling factor",ERCC6,ORPHA:90321,Cockayne syndrome type 1
"ERCC excision repair 6, chromatin remodeling factor",ERCC6,ORPHA:90322,Cockayne syndrome type 2
"ERCC excision repair 6, chromatin remodeling factor",ERCC6,ORPHA:90324,Cockayne syndrome type 3
"ERCC excision repair 6, chromatin remodeling factor",ERCC6,OMIM:133540,"Cockayne syndrome, type B"
"ERCC excision repair 6, chromatin remodeling factor",ERCC6,OMIM:278800,De Sanctis-Cacchione syndrome
"ERCC excision repair 6, chromatin remodeling factor",ERCC6,OMIM:211980,"Lung cancer, susceptibility to"
"ERCC excision repair 6, chromatin remodeling factor",ERCC6,OMIM:616946,Premature ovarian failure 11
"ERCC excision repair 6, chromatin remodeling factor",ERCC6,OMIM:600630,UV-sensitive syndrome 1
espin,ESPN,ORPHA:231169,Usher syndrome type 1
espin,ESPN,OMIM:618632,"Usher syndrome, type 1M"
espin,ESPN,OMIM:609006,"Deafness, autosomal recessive 36, with or without vestibular involvement"
estrogen receptor 1,ESR1,OMIM:114480,Breast cancer
estrogen receptor 1,ESR1,OMIM:615363,Estrogen resistance
estrogen receptor 1,ESR1,ORPHA:785,Estrogen resistance syndrome
estrogen receptor 1,ESR1,OMIM:157300,"Migraine with or without aura, susceptibility to, 1"
estrogen related receptor beta,ESRRB,OMIM:608565,"Deafness, autosomal recessive 35"
eukaryotic translation initiation factor 3 subunit F,EIF3F,OMIM:618295,"Intellectual developmental disorder, autosomal recessive 67"
EYA transcriptional coactivator and phosphatase 1,EYA1,ORPHA:107,BOR syndrome
EYA transcriptional coactivator and phosphatase 1,EYA1,ORPHA:52429,Branchiootic syndrome
EYA transcriptional coactivator and phosphatase 1,EYA1,OMIM:602588,Branchiootic syndrome 1
EYA transcriptional coactivator and phosphatase 1,EYA1,OMIM:113650,Branchiootorenal syndrome 1
EYA transcriptional coactivator and phosphatase 1,EYA1,ORPHA:2792,Otofaciocervical syndrome
EYA transcriptional coactivator and phosphatase 1,EYA1,OMIM:166780,Otofaciocervical syndrome
EYA transcriptional coactivator and phosphatase 4,EYA4,OMIM:605362,"Cardiomyopathy, dilated, 1J"
EYA transcriptional coactivator and phosphatase 4,EYA4,ORPHA:217622,Sensorineural deafness with dilated cardiomyopathy
EYA transcriptional coactivator and phosphatase 4,EYA4,OMIM:601316,"Deafness, autosomal dominant nonsyndromic sensorineural 10"
F-box and WD repeat domain containing 11,FBXW11,OMIM:618914,"Neurodevelopmental, jaw, eye, and digital syndrome"
follicle stimulating hormone receptor,FSHR,ORPHA:243,"46,XX gonadal dysgenesis"
follicle stimulating hormone receptor,FSHR,OMIM:233300,Ovarian dysgenesis 1
follicle stimulating hormone receptor,FSHR,OMIM:608115,Ovarian hyperstimulation syndrome
follicle stimulating hormone receptor,FSHR,ORPHA:64739,Ovarian hyperstimulation syndrome
folliculogenesis specific bHLH transcription factor,FIGLA,ORPHA:243,"46,XX gonadal dysgenesis"
folliculogenesis specific bHLH transcription factor,FIGLA,OMIM:612310,Premature ovarian failure 6
forkhead box L2,FOXL2,OMIM:110100,"Blepharophimosis, epicanthus inversus, and ptosis"
forkhead box L2,FOXL2,ORPHA:572333,Blepharophimosis-ptosis-epicanthus inversus syndrome plus
forkhead box L2,FOXL2,OMIM:608996,"Premature ovarian failure 3
"
forkhead box P1,FOXP1,ORPHA:391372,FOXP1 Syndrome
forkhead box P1,FOXP1,ORPHA:52417,MALT lymphoma
forkhead box P1,FOXP1,OMIM:613670,Intellectual developmental disorder with language impairment with or without autistic features
G protein signaling modulator 2,GPSM2,OMIM:604213,Chudley-Mccullough syndrome
G protein subunit alpha o1,GNAO1,OMIM:615473,Developmental and epileptic encephalopathy 17
G protein subunit alpha o1,GNAO1,OMIM:617493,Neurodevelopmental disorder with involuntary movements
G protein subunit alpha o1,GNAO1,ORPHA:1934,Early infantile developmental and epileptic encephalopathy
galactosidase alpha,GLA,ORPHA:324,Fabry disease
galactosidase alpha,GLA,OMIM:301500,Fabry disease
gap junction protein beta 2,GJB2,OMIM:149200,Bart-Pumphrey syndrome
gap junction protein beta 2,GJB2,OMIM:304400,"Deafness, X-linked 2"
gap junction protein beta 2,GJB2,OMIM:601544,"Deafness, autosomal dominant nonsyndromic sensorineural 3"
gap junction protein beta 2,GJB2,OMIM:220290,"Deafness, autosomal recessive 1A"
gap junction protein beta 2,GJB2,OMIM:602540,"Ichthyosis, hystrix-like, with deafness"
gap junction protein beta 2,GJB2,ORPHA:477,KID syndrome
gap junction protein beta 2,GJB2,OMIM:148210,"Keratitis-Ichthyosis-Deafness syndrome, autosomal dominant"
gap junction protein beta 2,GJB2,ORPHA:494,Keratoderma hereditarium mutilans
gap junction protein beta 2,GJB2,OMIM:148350,"Keratoderma, palmoplantar, with deafness"
gap junction protein beta 2,GJB2,ORPHA:2698,Knuckle pads-leukonychia-sensorineural deafness-palmoplantar hyperkeratosis syndrome
gap junction protein beta 2,GJB2,ORPHA:2202,Palmoplantar keratoderma-deafness syndrome
gap junction protein beta 2,GJB2,OMIM:124500,Vohwinkel syndrom
gasdermin E,GSDME,OMIM:600994,"Deafness, autosomal dominant nonsyndromic sensorineural 5"
GIPC PDZ domain containing family member 3,GIPC3,OMIM:601869,"Deafness, autosomal recessive 15"
glucose-6-phosphatase catalytic subunit 3,G6PC3,OMIM:612541,"Neutropenia, severe congenital, 4, autosomal recessive"
glutamic--pyruvic transaminase 2,GPT2,ORPHA:477673,Postnatal microcephaly-infantile hypotonia-spastic diplegia-dysarthria-intellectual disability syndrome
glutamic--pyruvic transaminase 2,GPT2,OMIM:616281,Neurodevelopmental disorder with microcephaly and spastic paraplegia
glutamine rich 1,QRICH1,OMIM:617982,Ververi-Brady syndrome
glutaredoxin and cysteine rich domain containing 1,GRXCR1,OMIM:613285,"Deafness, autosomal recessive 25"
GNAS complex locus,GNAS,OMIM:219080,ACTH-independent macronodular adrenal hyperplasia
GNAS complex locus,GNAS,ORPHA:189427,Cushing syndrome due to bilateral macronodular adrenocortical disease
GNAS complex locus,GNAS,ORPHA:57782,Mazabraud syndrome
GNAS complex locus,GNAS,ORPHA:562,McCune-Albright syndrome
GNAS complex locus,GNAS,OMIM:174800,"McCune-Albright syndrome, somatic, mosaic"
GNAS complex locus,GNAS,OMIM:166350,"Osseous heteroplasia, progressive"
GNAS complex locus,GNAS,OMIM:617686,"Pituitary adenoma 3, multiple types, somatic"
GNAS complex locus,GNAS,ORPHA:2762,Progressive osseous heteroplasia
GNAS complex locus,GNAS,ORPHA:79443,Pseudohypoparathyroidism type 1A
GNAS complex locus,GNAS,ORPHA:94089,Pseudohypoparathyroidism type 1B
GNAS complex locus,GNAS,ORPHA:79444,Pseudohypoparathyroidism type 1C
GNAS complex locus,GNAS,OMIM:103580,"Pseudohypoparathyroidism, type IA"
GNAS complex locus,GNAS,OMIM:603233,"Pseudohypoparathyroidism, type IB"
GNAS complex locus,GNAS,OMIM:612462,"Pseudohypoparathyroidism, type IC"
GNAS complex locus,GNAS,ORPHA:79445,Pseudopseudohypoparathyroidism
GNAS complex locus,GNAS,OMIM:612463,Pseudopseudohypoparathyroidism
growth differentiation factor 9,GDF9,OMIM:618014,Premature ovarian failure 14
"H1.4 linker histone, cluster member",H1-4,OMIM:617537,Rahman syndrome
"HECT, UBA and WWE domain containing E3 ubiquitin protein ligase 1",HUWE1,OMIM:309590,"Intellectual developmental disorder, X-linked syndromic, Turner type"
helicase for meiosis 1,HFM1,OMIM:615724,Premature ovarian failure 9
hes related family bHLH transcription factor with YRPW motif 2,HEY2,ORPHA:91387,Familial thoracic aortic aneurysm and aortic dissection
heterogeneous nuclear ribonucleoprotein R,HNRNPR,OMIM:620073,Neurodevelopmental disorder with dysmorphic facies and skeletal and brain abnormalities
histone deacetylase 4,HDAC4,OMIM:600430,Chromosome 2q37 deletion syndrome
histone deacetylase 4,HDAC4,OMIM:619797,Neurodevelopmental disorder with central hypotonia and dysmorphic facies
histone deacetylase 4,HDAC4,ORPHA:1001,"2q37 microdeletion syndrome
"
homeobox A1,HOXA1,OMIM:601536,Athabaskan brainstem dysgenesis syndrome
homeostatic iron regulator,HFE,ORPHA:465508,Symptomatic form of HFE-related hemochromatosis
homeostatic iron regulator,HFE,OMIM:235200,"Hemochromatosis, type 1"
homeostatic iron regulator,HFE,ORPHA:586,Cystic fibrosis
hydatidiform mole associated and imprinted,HYMAI,ORPHA:96191,Paternal uniparental disomy of chromosome 6 syndrome
hydatidiform mole associated and imprinted,HYMAI,ORPHA:99886,Transient neonatal diabetes mellitus
hydatidiform mole associated and imprinted,HYMAI,OMIM:601410,"Diabetes mellitus, transient neonatal, 1"
hydroxysteroid 17-beta dehydrogenase 4,HSD17B4,OMIM:233400,Perrault syndrome 1
hydroxysteroid 17-beta dehydrogenase 4,HSD17B4,OMIM:261515,D-bifunctional protein deficiency
immunoglobulin like domain containing receptor 1,ILDR1,OMIM:609646,"Deafness, neurosensory, autosomal recessive 42"
integrin subunit beta 2,ITGB2,OMIM:116920,"Leukocyte adhesion deficiency, type I"
interferon regulatory factor 2 binding protein like,IRF2BPL,OMIM:618088,"Neurodevelopmental disorder with regression, abnormal movements, loss of speech, and seizures
"
jumonji and AT-rich interaction domain containing 2,JARID2,OMIM:620098,Developmental delay with variable intellectual disability and dysmorphic facies
KASH domain containing 5,KASH5,OMIM:620547,Spermatogenic failure 88
KASH domain containing 5,KASH5,OMIM:620548,Premature ovarian failure 22
KAT8 regulatory NSL complex subunit 1,KANSL1,OMIM:610443,Koolen-De Vries syndrome
kinesin family member 1A,KIF1A,ORPHA:101010,Autosomal spastic paraplegia type 30
kinesin family member 1A,KIF1A,ORPHA:970,Hereditary sensory and autonomic neuropathy type 2
kinesin family member 1A,KIF1A,OMIM:614255,NESCAV syndrome
kinesin family member 1A,KIF1A,OMIM:201300,"Neuropathy, hereditary sensory and autonomic, type II"
kinesin family member 1A,KIF1A,OMIM:614213,"Neuropathy, hereditary sensory, type IIC"
kinesin family member 1A,KIF1A,OMIM:610357,"Spastic paraplegia 30, autosomal recessive"
kinesin family member 1A,KIF1A,OMIM:620607,"Spastic paraplegia 30, autosomal recessive"
kinesin family member 7,KIF7,ORPHA:36,Acrocallosal syndrome
kinesin family member 7,KIF7,OMIM:200990,Acrocallosal syndrome
kinesin family member 7,KIF7,OMIM:607131,Al-Gazali-Bakalinova syndrome
kinesin family member 7,KIF7,ORPHA:2189,Hydrolethalus
kinesin family member 7,KIF7,OMIM:614120,Hydrolethalus syndrome 2
kinesin family member 7,KIF7,ORPHA:166024,Multiple epiphyseal dysplasia-macrocephaly-facial dysmorphism syndrome
kinesin family member 7,KIF7,ORPHA:2754,Orofaciodigital syndrome type 6
KN motif and ankyrin repeat domains 1,KANK1,OMIM:612900,"Cerebral palsy, spastic quadriplegic, 2"
laminin subunit alpha 2,LAMA2,OMIM:618138,"Muscular dystrophy, limb-girdle, autosomal recessive 23"
laminin subunit alpha 2,LAMA2,OMIM:607855,"Muscular dystrophy, congenital, merosin deficient or partially deficient"
laminin subunit alpha 2,LAMA2,ORPHA:258,Laminin subunit alpha 2-related congenital muscular dystrophy
LDL receptor related protein 2,LRP2,ORPHA:2143,Donnai-Barrow syndrome
LDL receptor related protein 2,LRP2,OMIM:222448,Donnai-Barrow syndrome
leucine rich transmembrane and O-methyltransferase domain containing,LRTOMT,OMIM:611451,"Deafness, autosomal recessive 63"
"leucyl-tRNA synthetase 2, mitochondrial",LARS2,OMIM:615300,Perrault syndrome 4
"leucyl-tRNA synthetase 2, mitochondrial",LARS2,OMIM:617021,"Hydrops, lactic acidosis, and sideroblastic anemia"
LHFPL tetraspan subfamily member 5,LHFPL5,OMIM:610265,"Deafness, autosomal recessive 67"
lipoxygenase homology PLAT domains 1,LOXHD1,OMIM:613079,"Deafness, autosomal recessive 77"
lysine acetyltransferase 6A,KAT6A,OMIM:616268,Arboleda-Tham syndrome
lysine acetyltransferase 6A,KAT6A,ORPHA:457193,KAT6-related intellectual disability-craniofacial anomalies-cardiac defects syndrome
lysine demethylase 3B,KDM3B,OMIM:618846,Diets-Jongmans syndrome
lysine demethylase 4B,KDM4B,OMIM:619320,"Intellectual developmental disorder, autosomal dominant 65"
lysine demethylase 5C,KDM5C,OMIM:300534,"Intellectual developmental disorder, X-linked syndromic, Claes-Jensen type"
lysine demethylase 5C,KDM5C,ORPHA:85279,"KDM5C-related syndromic X-linked intellectual disability
"
lysine demethylase 6B,KDM6B,OMIM:618505,Stolerman neurodevelopmental syndrome
lysine methyltransferase 2A,KMT2A,OMIM:605130,Wiedemann-Steiner syndrome
lysine methyltransferase 2A,KMT2A,ORPHA:319182,Wiedemann-Steiner syndrome
lysine methyltransferase 2B,KMT2B,ORPHA:589618,Dystonia 28
lysine methyltransferase 2B,KMT2B,OMIM:619934,"Intellectual developmental disorder, autosomal dominant 68"
lysine methyltransferase 2B,KMT2B,OMIM:617284,"Dystonia 28, childhood-onset"
lysine methyltransferase 2C,KMT2C,OMIM:617768,Kleefstra syndrome 2
lysine methyltransferase 2C,KMT2C,ORPHA:261652,Kleefstra syndrome due to a point mutation
lysine methyltransferase 2D,KMT2D,ORPHA:2322,Kabuki syndrome
lysine methyltransferase 2D,KMT2D,OMIM:620186,"Branchial arch abnormalities, choanal atresia, athelia, hearing loss, and hypothyroidism syndrome"
lysine methyltransferase 2D,KMT2D,OMIM:147920,Kabuki syndrome 1
lysine methyltransferase 2E (inactive),KMT2E,OMIM:618512,O'donnell-Luria-Rodan syndrome
lysine methyltransferase 5B,KMT5B,OMIM:617788,"Intellectual developmental disorder, autosomal dominant 51"
MAP kinase activating death domain,MADD,OMIM:619005,"Neurodevelopmental disorder with dysmorphic facies, impaired speech and hypotonia"
MAP kinase activating death domain,MADD,OMIM:619004,Deeah syndrome
MARVEL domain containing 2,MARVELD2,OMIM:610153,"Deafness, autosomal recessive 49"
mechanistic target of rapamycin kinase,MTOR,OMIM:607341,Focal cortical dysplasia of taylor
mechanistic target of rapamycin kinase,MTOR,ORPHA:99802,Hemimegalencephaly
mechanistic target of rapamycin kinase,MTOR,ORPHA:457485,Macrocephaly-intellectual disability-neurodevelopmental disorder-small thorax syndrome
mechanistic target of rapamycin kinase,MTOR,OMIM:616638,Smith-Kingsmore syndrome
mediator complex subunit 13,MED13,OMIM:618009,Intellectual developmental disorder 61
mediator complex subunit 13L,MED13L,ORPHA:369891,Developmental delay-facial dysmorphism syndrome due to MED13L deficiency
mediator complex subunit 13L,MED13L,OMIM:616789,Impaired intellectual development and distinctive facial features with or without cardiac defects
mediator complex subunit 23,MED23,OMIM:614249,"Intellectual developmental disorder, autosomal recessive 18, with or without epilepsy"
mediator complex subunit 27,MED27,OMIM:619286,"Neurodevelopmental disorder with spasticity, cataracts, and cerebellar hypoplasia"
Meis homeobox 2,MEIS2,OMIM:600987,"Cleft palate, cardiac defects, and impaired intellectual development"
Meis homeobox 3,MEIS3,ORPHA:261190,Cleft palate-congenital heart defect-intellectual disability syndrome due to 15q14 microdeletion
melanocyte inducing transcription factor,MITF,OMIM:617306,"Coloboma, osteopetrosis, microphthalmia, macrocephaly, albinism, and deafness"
melanocyte inducing transcription factor,MITF,ORPHA:618,Familial melanoma
melanocyte inducing transcription factor,MITF,OMIM:614456,"Melanoma, cutaneous malignant, susceptibility to, 8"
melanocyte inducing transcription factor,MITF,OMIM:103500,Tietz albinism-deafness syndrome
melanocyte inducing transcription factor,MITF,ORPHA:42665,Tietz syndrome
melanocyte inducing transcription factor,MITF,ORPHA:895,Waardenburg syndrome type 2
melanocyte inducing transcription factor,MITF,OMIM:193510,"Waardenburg syndrome, type 2A"
melanocyte inducing transcription factor,MITF,ORPHA:897,Waardenburg-Shah syndrome
methionine sulfoxide reductase B3,MSRB3,OMIM:613718,"Deafness, autosomal recessive 74
"
methylenetetrahydrofolate reductase,MTHFR,OMIM:236250,"Homocystinuria due to deficiency of n(5,10)-methylenetetrahydrofolatereductase activity"
methylenetetrahydrofolate reductase,MTHFR,ORPHA:395,Homocystinuria due to methylene tetrahydrofolate reductase deficiency
methylenetetrahydrofolate reductase,MTHFR,ORPHA:563609,Isolated anencephaly
methylenetetrahydrofolate reductase,MTHFR,ORPHA:563612,Isolated exencephaly
methylenetetrahydrofolate reductase,MTHFR,OMIM:601634,"Neural tube defects, folate-sensitive"
methylenetetrahydrofolate reductase,MTHFR,OMIM:181500,Schizophrenia
methylenetetrahydrofolate reductase,MTHFR,OMIM:188050,"Thrombophiliavenous thromboembolism, included"
"MFSD2 lysolipid transporter A, lysophospholipid",MFSD2A,ORPHA:2512,Autosomal recessive primary microcephaly
"MFSD2 lysolipid transporter A, lysophospholipid",MFSD2A,OMIM:616486,"Neurodevelopmental disorder with progressive microcephaly, spasticity, and brain abnormalities"
MTSS I-BAR domain containing 2,MTSS2,OMIM:620086,Intellectual developmental disorder with ocular anomalies and distinctive facial features
mutS homolog 4,MSH4,OMIM:619938,Premature ovarian failure 20
mutS homolog 4,MSH4,ORPHA:243,"46,XX gonadal dysgenesis"
mutS homolog 4,MSH4,OMIM:108420,"Spermatogenic failure 2
"
mutS homolog 5,MSH5,OMIM:617442,Premature ovarian failure 13
mutS homolog 5,MSH5,OMIM:619937,Spermatogenic failure 74
mutS homolog 5,MSH5,ORPHA:399805,Male infertility with azoospermia or oligozoospermia due to single gene mutation
"MYC proto-oncogene, bHLH transcription factor",MYC,ORPHA:543,Burkitt lymphoma
"MYC proto-oncogene, bHLH transcription factor",MYC,OMIM:113970,Burkitt lymphoma
myelin transcription factor 1 like,MYT1L,ORPHA:647799,MYT1L-related developmental delay-intellectual disability-obesity syndrome
myelin transcription factor 1 like,MYT1L,OMIM:616521,"Intellectual developmental disorder, autosomal dominant 39"
myosin heavy chain 9,MYH9,OMIM:155100,Macrothrombocytopenia and granulocyte inclusions with or without nephritis or sensorineural hearing loss
myosin heavy chain 9,MYH9,OMIM:603622,"Deafness, autosomal dominant nonsyndromic sensorineural 17"
myosin heavy chain 9,MYH9,ORPHA:182050,MYH9-related syndromic thrombocytopenia
myosin IIIA,MYO3A,OMIM:607101,"Deafness, autosomal recessive 30"
myosin VI,MYO6,,"Deafness, autosomal recessive 37"
myosin VI,MYO6,,"Deafness, autosomal dominant 22
"
myosin VIIA,MYO7A,OMIM:601317,"Deafness, autosomal dominant nonsyndromic sensorineural 11"
myosin VIIA,MYO7A,OMIM:600060,"Deafness, neurosensory, autosomal recessive 2"
myosin VIIA,MYO7A,ORPHA:231169,Usher syndrome type 1
myosin VIIA,MYO7A,ORPHA:231178,Usher syndrome type 2
myosin VIIA,MYO7A,OMIM:276900,"Usher syndrome, type I"
myosin XVA,MYO15A,OMIM:600316,"Deafness, neurosensory, autosomal recessive 3"
N-acetylglucosamine-1-phosphate transferase subunits alpha and beta,GNPTAB,OMIM:252600,Mucolipidosis III alpha/beta
N-acetylglucosamine-1-phosphate transferase subunits alpha and beta,GNPTAB,ORPHA:423461,Mucolipidosis type III alpha/beta
N-acetylglucosamine-1-phosphate transferase subunits alpha and beta,GNPTAB,ORPHA:576,Mucolipidosis type II
N-acetylglucosamine-1-phosphate transferase subunits alpha and beta,GNPTAB,OMIM:252500,Mucolipidosis II alpha/beta
"N-alpha-acetyltransferase 15, NatA auxiliary subunit",NAA15,OMIM:617787,"Intellectual developmental disorder, autosomal dominant 50, with behavioral abnormalities"
netrin G1,NTNG1,ORPHA:3095,Atypical Rett syndrome
netrin G2,NTNG2,OMIM:618718,"Neurodevelopmental disorder with behavioral abnormalities, absent speech, and hypotonia"
neurobeachin,NBEA,OMIM:619157,Neurodevelopmental disorder with or without early-onset generalized epilepsy
NOBOX oogenesis homeobox,NOBOX,OMIM:611548,Premature ovarian failure 5
NOP2/Sun RNA methyltransferase 2,NSUN2,ORPHA:235,Dubowitz syndrome
NOP2/Sun RNA methyltransferase 2,NSUN2,OMIM:611091,"Intellectual developmental disorder, autosomal recessive 5"
nuclear receptor binding SET domain protein 2,NSD2,OMIM:619695,Rauch-Steindl syndrome
nuclear receptor binding SET domain protein 2,NSD2,ORPHA:280,Wolf-Hirschhorn syndrome
nuclear receptor binding SET domain protein 2,NSD2,OMIM:194190,Wolf-Hirschhorn syndrome
nuclear receptor subfamily 5 group A member 1,NR5A1,ORPHA:243,"46,XX gonadal dysgenesis"
nuclear receptor subfamily 5 group A member 1,NR5A1,ORPHA:2138,"46,XX ovotesticular difference of sex development"
nuclear receptor subfamily 5 group A member 1,NR5A1,ORPHA:393,"46,XX testicular difference of sex development"
nuclear receptor subfamily 5 group A member 1,NR5A1,ORPHA:242,"46,XY complete gonadal dysgenesis"
nuclear receptor subfamily 5 group A member 1,NR5A1,ORPHA:251510,"46,XY partial gonadal dysgenesis"
nuclear receptor subfamily 5 group A member 1,NR5A1,OMIM:617480,"46,xx sex reversal 4"
nuclear receptor subfamily 5 group A member 1,NR5A1,OMIM:612965,46XY sex reversal 3
nuclear receptor subfamily 5 group A member 1,NR5A1,ORPHA:399805,Male infertility with azoospermia or oligozoospermia due to single gene mutation
nuclear receptor subfamily 5 group A member 1,NR5A1,OMIM:612964,Premature ovarian failure 7
nuclear receptor subfamily 5 group A member 1,NR5A1,OMIM:613957,Spermatogenic failure 8
OFD1 centriole and centriolar satellite protein,OFD1,ORPHA:475,Isolated Joubert syndrome
OFD1 centriole and centriolar satellite protein,OFD1,OMIM:300804,Joubert syndrome 10
OFD1 centriole and centriolar satellite protein,OFD1,OMIM:311200,Orofaciodigital syndrome I
OFD1 centriole and centriolar satellite protein,OFD1,ORPHA:2750,Orofaciodigital syndrome type 1
OFD1 centriole and centriolar satellite protein,OFD1,ORPHA:2754,Orofaciodigital syndrome type 6
OFD1 centriole and centriolar satellite protein,OFD1,ORPHA:244,Primary ciliary dyskinesia
OFD1 centriole and centriolar satellite protein,OFD1,ORPHA:791,Retinitis pigmentosa
OFD1 centriole and centriolar satellite protein,OFD1,OMIM:300424,Retinitis pigmentosa 23
OFD1 centriole and centriolar satellite protein,OFD1,OMIM:300209,"Simpson-Golabi-Behmel syndrome, type 2"
,,,
otoancorin,OTOA,OMIM:607039,"Deafness, autosomal recessive 22"
otoferlin,OTOF,OMIM:601071,"Deafness, autosomal recessive 9"
otogelin,OTOG,OMIM:614945,"Deafness, autosomal recessive 18B"
otogelin like,OTOGL,OMIM:614944,"Deafness, autosomal recessive 84B"
OTU deubiquitinase 6B,OTUD6B,ORPHA:505237,Early-onset seizures-distal limb anomalies-facial dysmorphism-global developmental delay syndrome
OTU deubiquitinase 6B,OTUD6B,OMIM:617452,"Intellectual developmental disorder with dysmorphic facies, seizures, and distal limb anomalies"
paired box 3,PAX3,OMIM:122880,Craniofacial-deafness-hand syndrome
paired box 3,PAX3,ORPHA:1529,Craniofacial-deafness-hand syndrome
paired box 3,PAX3,OMIM:268220,"Rhabdomyosarcoma 2, alveolar"
paired box 3,PAX3,ORPHA:894,Waardenburg syndrome type 1
paired box 3,PAX3,ORPHA:896,Waardenburg syndrome type 3
paired box 3,PAX3,OMIM:193500,"Waardenburg syndrome, type 1"
paired box 3,PAX3,OMIM:148820,"Waardenburg syndrome, type 3"
pancreatic and duodenal homeobox 1,PDX1,ORPHA:552,"Diabetes mellitus, noninsulin-dependent"
pancreatic and duodenal homeobox 1,PDX1,OMIM:125853,"Maturity-onset diabetes of the young, type 4"
pancreatic and duodenal homeobox 1,PDX1,OMIM:606392,Isolated permanent neonatal diabetes mellitus
pancreatic and duodenal homeobox 1,PDX1,ORPHA:99885,"Pancreatic agenesis, congenital"
pancreatic and duodenal homeobox 1,PDX1,OMIM:260370,
patched domain containing 1,PTCHD1,OMIM:300830,"Autism, susceptibility to, X-linked 4"
PDZ domain containing 7,PDZD7,OMIM:618003,"Deafness, autosomal recessive 57"
PDZ domain containing 7,PDZD7,ORPHA:231178,Usher syndrome type 2
PDZ domain containing 7,PDZD7,OMIM:276901,"Usher syndrome, type IIA"
PDZ domain containing 7,PDZD7,OMIM:605472,"Usher syndrome, type IIC"
pejvakin,PJVK,OMIM:610220,"Deafness, autosomal recessive 59"
PHIP subunit of CUL4-Ring ligase complex,PHIP,OMIM:617991,"Developmental delay, intellectual disability, obesity, and dysmorphic features"
PHIP subunit of CUL4-Ring ligase complex,PHIP,ORPHA:589905,PHIP-related behavioral problems-intellectual disability-obesity-dysmorphic features syndrome
phosphatidylinositol glycan anchor biosynthesis class L,PIGL,OMIM:280000,CHIME syndrome
phosphatidylinositol glycan anchor biosynthesis class L,PIGL,ORPHA:3474,CHIME syndrome
phosphatidylinositol glycan anchor biosynthesis class L,PIGL,ORPHA:247262,Hyperphosphatasia-intellectual disability syndrome
poly(U) binding splicing factor 60,PUF60,ORPHA:508488,8q24.3 microdeletion syndrome
poly(U) binding splicing factor 60,PUF60,ORPHA:508498,Intellectual disability-cardiac anomalies-short stature-joint laxity syndrome
poly(U) binding splicing factor 60,PUF60,OMIM:615583,Verheij syndrome
potassium voltage-gated channel subfamily B member 1,KCNB1,OMIM:616056,Developmental and epileptic encephalopathy 26
potassium voltage-gated channel subfamily B member 1,KCNB1,ORPHA:442835,"Non-specific early-onset epileptic encephalopathy
"
potassium voltage-gated channel subfamily E regulatory subunit 1,KCNE1,ORPHA:334,Hereditary atrial fibrillation
potassium voltage-gated channel subfamily E regulatory subunit 1,KCNE1,ORPHA:90647,Jervell and Lange-Nielsen syndrome
potassium voltage-gated channel subfamily E regulatory subunit 1,KCNE1,OMIM:612347,Jervell and Lange-Nielsen syndrome 2
potassium voltage-gated channel subfamily E regulatory subunit 1,KCNE1,OMIM:613695,Long QT syndrome 5
potassium voltage-gated channel subfamily E regulatory subunit 1,KCNE1,ORPHA:101016,Romano-Ward syndrome
potassium voltage-gated channel subfamily Q member 1,KCNQ1,OMIM:607554,"Atrial fibrillation, familial, 3"
potassium voltage-gated channel subfamily Q member 1,KCNQ1,OMIM:130650,Beckwith-Wiedemann syndrome
potassium voltage-gated channel subfamily Q member 1,KCNQ1,ORPHA:51083,Congenital short QT syndrome
potassium voltage-gated channel subfamily Q member 1,KCNQ1,ORPHA:334,Hereditary atrial fibrillation
potassium voltage-gated channel subfamily Q member 1,KCNQ1,ORPHA:90647,Jervell and Lange-Nielsen syndrome
potassium voltage-gated channel subfamily Q member 1,KCNQ1,OMIM:220400,Jervell and Lange-Nielsen syndrome 1
potassium voltage-gated channel subfamily Q member 1,KCNQ1,OMIM:192500,Long QT syndrome 1
potassium voltage-gated channel subfamily Q member 1,KCNQ1,ORPHA:101016,Romano-Ward syndrome
potassium voltage-gated channel subfamily Q member 1,KCNQ1,OMIM:609621,Short QT syndrome 2
potassium voltage-gated channel subfamily Q member 4,KCNQ4,OMIM:600101,"Deafness, autosomal dominant nonsyndromic sensorineural 2"
POU class 3 homeobox 4,POU3F4,ORPHA:1435,Xq21 microdeletion syndrome
POU class 3 homeobox 4,POU3F4,OMIM:304400,"Deafness, X-linked 2"
POU class 4 homeobox 3,POU4F3,OMIM:602459,"Deafness, autosomal dominant 15"
"proteasome 26S subunit, non-ATPase 12",PSMD12,OMIM:617516,Stankiewicz-Isidor syndrome
"proteasome 26S subunit, non-ATPase 12",PSMD12,ORPHA:529962,"17q24.2 microdeletion syndrome
"
protein phosphatase 2 regulatory subunit B'delta,PPP2R5D,OMIM:616355,Houge-Janssens syndrome 1
protein phosphatase 2 regulatory subunit B'delta,PPP2R5D,ORPHA:457279,Intellectual disability-macrocephaly-hypotonia-behavioral abnormalities syndrome
"protein phosphatase, Mg2+/Mn2+ dependent 1D",PPM1D,OMIM:617450,Intellectual developmental disorder with gastrointestinal difficulties and high pain threshold
"protein phosphatase, Mg2+/Mn2+ dependent 1D",PPM1D,OMIM:114480,Breast Cancer
protocadherin related 15,PCDH15,OMIM:609533,"Deafness, autosomal recessive 23"
protocadherin related 15,PCDH15,ORPHA:231169,Usher syndrome type 1
protocadherin related 15,PCDH15,OMIM:601067,"Usher syndrome, type ID"
protocadherin related 15,PCDH15,OMIM:602083,"Usher syndrome, type IF"
pseudouridine synthase 7,PUS7,OMIM:618342,"Intellectual developmental disorder with abnormal behavior, microcephaly, and short stature"
Rac family small GTPase 1,RAC1,OMIM:617751,"Intellectual developmental disorder, autosomal dominant 48"
Rac family small GTPase 1,RAC1,ORPHA:500159,Microcephaly-corpus callosum and cerebellar vermis hypoplasia-facial dysmorphism-intellectual disability syndrom
radixin,RDX,OMIM:611022,"Deafness, autosomal recessive, 24
"
retinoic acid induced 1,RAI1,ORPHA:1713,17p11.2 microduplication syndrome
retinoic acid induced 1,RAI1,ORPHA:477817,PMP22-RAI1 contiguous gene duplication syndrome
retinoic acid induced 1,RAI1,ORPHA:819,Smith-Magenis syndrome
retinoic acid induced 1,RAI1,OMIM:182290,Smith-Magenis syndrome
"ring finger protein, LIM domain interacting",RLIM,OMIM:300978,Tonne-Kalscheuer syndrome
SATB homeobox 1,SATB1,OMIM:619228,Developmental delay with dysmorphic facies and dental anomalies
SATB homeobox 1,SATB1,OMIM:619229,Kohlschutter-Tonz syndrome-like
scaffold protein involved in DNA repair,SPIDR,OMIM:619665,Ovarian dysgenesis 9
scaffold protein involved in DNA repair,SPIDR,ORPHA:243,"46,XX gonadal dysgenesis"
serpin family B member 6,SERPINB6,OMIM:613453,"Deafness, autosomal recessive 91"
SET domain containing 5,SETD5,OMIM:615761,"Intellectual developmental disorder, autosomal dominant 23"
SET domain containing 5,SETD5,ORPHA:435638,3p25.3 microdeletion syndrome
SIN3 transcription regulator family member A,SIN3A,ORPHA:94065,15q24 microdeletion syndrome
SIN3 transcription regulator family member A,SIN3A,ORPHA:500166,SIN3-related intellectual disability syndrome due to a point mutation
SIN3 transcription regulator family member A,SIN3A,OMIM:613406,Witteveen-Kolk syndrome
SIN3 transcription regulator family member B,SIN3B,ORPHA:500166,SIN3-related intellectual disability syndrome due to a point mutation
sine oculis binding protein homolog,SOBP,OMIM:613671,"Impaired intellectual development, anterior maxillary protrusion, and strabismus"
small vasohibin binding protein,SVBP,OMIM:618569,"Neurodevelopmental disorder with ataxia, hypotonia, and microcephaly"
Snf2 related CREBBP activator protein,SRCAP,OMIM:619595,"Developmental delay, hypotonia, musculoskeletal defects, and behavioral abnormalities"
Snf2 related CREBBP activator protein,SRCAP,OMIM:136140,Floating-Harbor syndrome
Snf2 related CREBBP activator protein,SRCAP,ORPHA:2044,Floating-Harbor syndrome
sodium voltage-gated channel alpha subunit 10,SCN10A,ORPHA:46348,Paroxysmal extreme pain disorder
sodium voltage-gated channel alpha subunit 10,SCN10A,ORPHA: 101016,Romano-Ward syndrome
sodium voltage-gated channel alpha subunit 10,SCN10A,ORPHA:130,Brugada syndrome
sodium voltage-gated channel alpha subunit 10,SCN10A,ORPHA:90026,Primary erythromelalgia
sodium voltage-gated channel alpha subunit 10,SCN10A,OMIM:615551,"Episodic pain syndrome, familial, 2"
sodium voltage-gated channel alpha subunit 5,SCN5A,OMIM:614022,"Atrial fibrillation, familial, 10"
sodium voltage-gated channel alpha subunit 5,SCN5A,ORPHA:130,Brugada syndrome
sodium voltage-gated channel alpha subunit 5,SCN5A,OMIM:601144,Brugada syndrome 1
sodium voltage-gated channel alpha subunit 5,SCN5A,OMIM:601154,"Cardiomyopathy, dilated, 1E"
sodium voltage-gated channel alpha subunit 5,SCN5A,ORPHA:154,Familial isolated dilated cardiomyopathy
sodium voltage-gated channel alpha subunit 5,SCN5A,ORPHA:334,Hereditary atrial fibrillation
sodium voltage-gated channel alpha subunit 5,SCN5A,ORPHA:871,Hereditary progressive cardiac conduction defect
sodium voltage-gated channel alpha subunit 5,SCN5A,ORPHA:1344,Isolated atrial standstill
sodium voltage-gated channel alpha subunit 5,SCN5A,OMIM:603830,Long QT syndrome 3
sodium voltage-gated channel alpha subunit 5,SCN5A,OMIM:113900,"Progressive familial heart block, type IA"
sodium voltage-gated channel alpha subunit 5,SCN5A,ORPHA:101016,Romano-Ward syndrome
sodium voltage-gated channel alpha subunit 5,SCN5A,OMIM:608567,Sick sinus syndrome 1
sodium voltage-gated channel alpha subunit 5,SCN5A,OMIM:272120,Sudden infant death syndrome
sodium voltage-gated channel alpha subunit 5,SCN5A,OMIM:603829,"Ventricular fibrillation, familial, 1"
solute carrier family 12 member 2,SLC12A2,OMIM:619081,"Deafness, autosomal dominant 78"
solute carrier family 12 member 2,SLC12A2,OMIM:619083,Delpire-Mcneill syndrome
solute carrier family 12 member 2,SLC12A2,OMIM:619080,Kilquist syndrome
solute carrier family 26 member 4,SLC26A4,ORPHA:95713,Athyreosis
solute carrier family 26 member 4,SLC26A4,OMIM:600791,"Deafness, autosomal recessive 4, with enlarged vestibular aqueduct"
solute carrier family 26 member 4,SLC26A4,OMIM:274600,Pendred syndrome
solute carrier family 26 member 4,SLC26A4,ORPHA:705,Pendred syndrome
solute carrier family 26 member 4,SLC26A4,ORPHA:95720,Thyroid hypoplasia
spalt like transcription factor 1,SALL1,ORPHA:857,Townes-Brocks syndrome
spalt like transcription factor 1,SALL1,OMIM:107480,Townes-Brocks syndrome 1
spectrin repeat containing nuclear envelope protein 1,SYNE1,OMIM:618484,"Arthrogryposis multiplex congenita 3, myogenic type"
spectrin repeat containing nuclear envelope protein 1,SYNE1,ORPHA:98853,Autosomal dominant Emery-Dreifuss muscular dystrophy
spectrin repeat containing nuclear envelope protein 1,SYNE1,ORPHA:88644,"Autosomal recessive ataxia, Beauce type"
spectrin repeat containing nuclear envelope protein 1,SYNE1,ORPHA:319332,Autosomal recessive myogenic arthrogryposis multiplex congenita
spectrin repeat containing nuclear envelope protein 1,SYNE1,OMIM:612998,"Emery-Dreifuss muscular dystrophy 4, autosomal dominant"
spectrin repeat containing nuclear envelope protein 1,SYNE1,OMIM:610743,"Spinocerebellar ataxia, autosomal recessive 8"
spectrin repeat containing nuclear envelope protein 4,SYNE4,OMIM:615540,"Deafness, autosomal recessive 76"
spermatogenesis and oogenesis specific basic helix-loop-helix 1,SOHLH1,ORPHA:399805,Male infertility with azoospermia or oligozoospermia due to single gene mutation
spermatogenesis and oogenesis specific basic helix-loop-helix 1,SOHLH1,OMIM:617690,Ovarian dysgenesis 5
spermatogenesis and oogenesis specific basic helix-loop-helix 1,SOHLH1,OMIM:618115,Spermatogenic failure 32
SRY-box transcription factor 10,SOX10,ORPHA:478,Kallmann syndrome
SRY-box transcription factor 10,SOX10,OMIM:609136,"Peripheral demyelinating neuropathy, central dysmyelination, Waardenburg syndrome, and Hirschsprung disease"
SRY-box transcription factor 10,SOX10,ORPHA:163746,Peripheral demyelinating neuropathy-central dysmyelinating leukodystrophy-Waardenburg syndrome-Hirschsprung disease
SRY-box transcription factor 10,SOX10,ORPHA:895,Waardenburg syndrome type 2
SRY-box transcription factor 10,SOX10,OMIM:611584,"Waardenburg syndrome, type 2E"
SRY-box transcription factor 10,SOX10,OMIM:613266,"Waardenburg syndrome, type 4C"
SRY-box transcription factor 10,SOX10,ORPHA:897,Waardenburg-Shah syndrome
stereocilin,STRC,OMIM:603720,"Deafness, autosomal recessive 16"
stereocilin,STRC,OMIM:611102,"Deafness, sensorineural, and male infertility"
stereocilin,STRC,ORPHA:94064,Deafness-infertility syndrome
stereocilin,STRC,OMIM:612997,Spermatogenic failure 7
succinate dehydrogenase complex subunit D,SDHD,ORPHA:100093,Carcinoid syndrome
succinate dehydrogenase complex subunit D,SDHD,ORPHA:97286,Carney-Stratakis syndrome
succinate dehydrogenase complex subunit D,SDHD,OMIM:606864,Carney-Stratakis syndrome
succinate dehydrogenase complex subunit D,SDHD,ORPHA:201,Cowden syndrome
succinate dehydrogenase complex subunit D,SDHD,ORPHA:29072,Hereditary pheochromocytoma-paraganglioma
succinate dehydrogenase complex subunit D,SDHD,ORPHA:3208,Isolated succinate-CoQ reductase deficiency
succinate dehydrogenase complex subunit D,SDHD,OMIM:619167,"Mitochondrial complex II deficiency, nuclear type 3"
succinate dehydrogenase complex subunit D,SDHD,OMIM:168000,Paragangliomas 1
succinate dehydrogenase complex subunit D,SDHD,ORPHA:276621,Sporadic pheochromocytoma/secreting paraganglioma
sulfatase modifying factor 1,SUMF1,OMIM:272200,Multiple sulfatase deficiency
sulfatase modifying factor 1,SUMF1,ORPHA:585,Multiple sulfatase deficiency
synaptotagmin 1,SYT1,OMIM:618218,Baker-Gordon syndrome
synaptotagmin 1,SYT1,ORPHA:522077,Infantile hypotonia-oculomotor anomalies-hyperkinetic movements-developmental delay syndrome
TAO kinase 1,TAOK1,OMIM:619575,Developmental delay with or without intellectual impairment or behavioral abnormalities
taperin,TPRN,OMIM:613307,"Deafness, autosomal recessive 79"
TATA-box binding protein associated factor 6,TAF6,OMIM:617126,Alazami-Yuan syndrome
TBC1 domain family member 24,TBC1D24,ORPHA:79500,DOORS syndrome
TBC1 domain family member 24,TBC1D24,OMIM:616044,"Deafness, autosomal dominant 65"
TBC1 domain family member 24,TBC1D24,OMIM:614617,"Deafness, autosomal recessive 86"
TBC1 domain family member 24,TBC1D24,OMIM:615338,Developmental and epileptic encephalopathy 16
TBC1 domain family member 24,TBC1D24,OMIM:220500,Doors syndrome
TBC1 domain family member 24,TBC1D24,ORPHA:293181,Epilepsy of infancy with migrating focal seizures
TBC1 domain family member 24,TBC1D24,OMIM:608105,"Epilepsy, rolandic, with paroxysmal exercise-induced dystonia and writer's cramp"
TBC1 domain family member 24,TBC1D24,ORPHA:352582,Familial infantile myoclonic epilepsy
TBC1 domain family member 24,TBC1D24,OMIM:605021,"Myoclonic epilepsy, familial infantile"
TBC1 domain family member 24,TBC1D24,ORPHA:352596,Progressive myoclonic epilepsy with dystonia
TBC1 domain family member 24,TBC1D24,ORPHA:163727,Rolandic epilepsy-paroxysmal exercise-induced dystonia-writer's cramp syndrome
tectorin alpha,TECTA,OMIM:601543,"Deafness, autosomal dominant nonsyndromic sensorineural 12"
tectorin alpha,TECTA,OMIM:603629,"Deafness, autosomal recessive 21"
"tetratricopeptide repeat, ankyrin repeat and coiled-coil containing 2",TANC2,OMIM:618906,"Intellectual developmental disorder with autistic features and language delay, with or without seizures"
thyroid hormone receptor interactor 12,TRIP12,OMIM:617752,Clark-Baraitser syndrome
titin,TTN,ORPHA:169186,Autosomal recessive centronuclear myopathy
titin,TTN,OMIM:604145,"Cardiomyopathy, dilated, 1G"
titin,TTN,OMIM:613765,"Cardiomyopathy, familial hypertrophic, 9"
titin,TTN,ORPHA:324604,Classic multiminicore myopathy
titin,TTN,OMIM:611705,Congenital myopathy 5 with cardiomyopathy
titin,TTN,ORPHA:154,Familial isolated dilated cardiomyopathy
titin,TTN,ORPHA:334,Hereditary atrial fibrillation
titin,TTN,ORPHA:178464,Hereditary myopathy with early respiratory failure
titin,TTN,OMIM:608807,"Muscular dystrophy, limb-girdle, autosomal recessive 10"
titin,TTN,OMIM:603689,"Myopathy, myofibrillar, 9, with early respiratory failure"
titin,TTN,ORPHA:609,Tibial muscular dystrophy
titin,TTN,OMIM:600334,"Tibial muscular dystrophy, tardive"
tousled like kinase 2,TLK2,OMIM:618050,"Intellectual developmental disorder, autosomal dominant 57"
trafficking protein particle complex subunit 4,TRAPPC4,OMIM:618741,"Neurodevelopmental disorder with epilepsy, spasticity, and brain atrophy"
transcription factor 20,TCF20,OMIM:618430,Developmental delay with variable intellectual impairment and behavioral abnormalities
transmembrane channel like 1,TMC1,OMIM:606705,"Deafness, autosomal dominant 36"
transmembrane channel like 1,TMC1,OMIM:600974,"Deafness, neurosensory, autosomal recessive 7"
transmembrane inner ear,TMIE,OMIM:600971,"Deafness, autosomal recessive 6
"
transmembrane serine protease 3,TMPRSS3,OMIM:601072,"Deafness, autosomal recessive 8/10"
trinucleotide repeat containing adaptor 6B,TNRC6B,OMIM:619243,Global developmental delay with speech and behavioral abnormalities
TRIO and F-actin binding protein,TRIOBP,OMIM:609823,"Deafness, autosomal recessive 28"
trio Rho guanine nucleotide exchange factor,TRIO,OMIM:617061,"Intellectual developmental disorder, autosomal dominant 44, with microcephaly"
trio Rho guanine nucleotide exchange factor,TRIO,OMIM:618825,"Intellectual developmental disorder, autosomal dominant 63, with macrocephaly"
trio Rho guanine nucleotide exchange factor,TRIO,ORPHA:476126,Micrognathia-recurrent infections-behavioral abnormalities-mild intellectual disability syndrome
tRNA methyltransferase 1,TRMT1,OMIM:618302,"Intellectual developmental disorder, autosomal recessive 68"
tubulin alpha 1a,TUBA1A,ORPHA:45358,Congenital fibrosis of extraocular muscles
tubulin alpha 1a,TUBA1A,ORPHA:994,Fetal akinesia deformation sequence
tubulin alpha 1a,TUBA1A,OMIM:611603,Lissencephaly 3
tubulin alpha 1a,TUBA1A,ORPHA:171680,Lissencephaly due to TUBA1A mutation
tubulin alpha 1a,TUBA1A,ORPHA:467166,Tubulinopathy-associated dysgyria
ubiquitin protein ligase E3A,UBE3A,OMIM:105830,Angelman syndrome
ubiquitin protein ligase E3A,UBE3A,ORPHA:411511,Angelman syndrome due to a point mutation
ubiquitin protein ligase E3A,UBE3A,ORPHA:411515,Angelman syndrome due to imprinting defect in 15q11-q13
ubiquitin protein ligase E3A,UBE3A,ORPHA:238446,15q11q13 microduplication syndrome
ubiquitin protein ligase E3A,UBE3A,ORPHA:98794,Angelman syndrome due to maternal 15q11q13 deletion
ubiquitin protein ligase E3A,UBE3A,ORPHA:98795,Angelman syndrome due to paternal uniparental disomy of chromosome 15
USH1 protein network component harmonin,USH1C,OMIM:602092,"Deafness, neurosensory, autosomal recessive 18"
USH1 protein network component harmonin,USH1C,ORPHA:231169,Usher syndrome type 1
USH1 protein network component harmonin,USH1C,OMIM:276900,"Usher syndrome, type I"
USH1 protein network component harmonin,USH1C,OMIM:276904,"Usher syndrome, type IC"
USH1 protein network component sans,USH1G,ORPHA:231169,Usher syndrome type 1
USH1 protein network component sans,USH1G,OMIM:606943,"Usher syndrome, type IG"
WD repeat and FYVE domain containing 3,WDFY3,OMIM:617520,"Microcephaly 18, primary, autosomal dominant"
whirilin,WHRN,OMIM:607084,"Deafness, autosomal recessive 31"
whirilin,WHRN,ORPHA:231178,Usher syndrome type 2
whirilin,WHRN,OMIM:611383,"Usher syndrome, type IID"
wolframin ER transmembrane glycoprotein,WFS1,OMIM:116400,"Cataract, nuclear total"
wolframin ER transmembrane glycoprotein,WFS1,OMIM:600965,"Deafness, autosomal dominant 6"
wolframin ER transmembrane glycoprotein,WFS1,OMIM:125853,"Diabetes mellitus, noninsulin-dependent"
wolframin ER transmembrane glycoprotein,WFS1,ORPHA:3463,Wolfram syndrome
wolframin ER transmembrane glycoprotein,WFS1,OMIM:222300,Wolfram syndrome 1
wolframin ER transmembrane glycoprotein,WFS1,OMIM:614296,"Wolfram-Like syndrome, autosomal dominant"
wolframin ER transmembrane glycoprotein,WFS1,ORPHA:411590,Wolfram-like syndrome
WW domain containing adaptor with coiled-coil,WAC,OMIM:616708,Desanto-Shinawi syndrome
WW domain containing adaptor with coiled-coil,WAC,ORPHA:284169,Facial dysmorphism-developmental delay-behavioral abnormalities syndrome due to 10p11.21p12.31 microdeletion
WW domain containing adaptor with coiled-coil,WAC,ORPHA:466950,Facial dysmorphism-developmental delay-behavioral abnormalities syndrome due to WAC point mutation
zinc finger MIZ-type containing 1,ZMIZ1,OMIM:618659,Neurodevelopmental disorder with dysmorphic facies and distal skeletal anomalies
zinc finger MYM-type containing 3,ZMYM3,OMIM:301111,"Intellectual developmental disorder, X-linked 112"
